<?xml version="1.0" encoding="UTF-8"?>
<!DOCTYPE configuration PUBLIC "-//mybatis.org//DTD Config 3.0//EN" "http://mybatis.org/dtd/mybatis-3-config.dtd" >
<configuration>
	<typeAliases>
		<typeAlias alias="budgetVO" type="com.indieus.ius.vo.BudgetVO"/>
		<typeAlias alias="financeVO" type="com.indieus.ius.vo.FinanceVO"/>
		<typeAlias alias="staffVO" type="com.indieus.ius.vo.StaffVO"/>
		<typeAlias alias="staffIdVO" type="com.indieus.ius.vo.StaffIdVO"/>
		<typeAlias alias="jobClassVO" type="com.indieus.ius.vo.JobClassifiVO"/>
		<typeAlias alias="authorityVO" type="com.indieus.ius.vo.AuthorityVO"/>
		<typeAlias alias="staffAttendanceVO" type="com.indieus.ius.vo.StaffAttendanceVO"/>
		<typeAlias alias="equipmentVO" type="com.indieus.ius.vo.EquipmentVO"/>
		<typeAlias alias="equipClsVO" type="com.indieus.ius.vo.EquipClsVO"/>
		<typeAlias alias="eworksBoardVO" type="com.indieus.ius.vo.EworksBoardVO"/>
		<typeAlias alias="mealMenuVO" type="com.indieus.ius.vo.MealMenuVO"/>
		<typeAlias alias="allergyVO" type="com.indieus.ius.vo.AllergyVO"/>
		<typeAlias alias="purchaseVO" type="com.indieus.ius.vo.PurchaseVO"/>
		<typeAlias alias="kinderVO" type="com.indieus.ius.vo.KinderVO"/>
		<typeAlias alias="shuttleVO" type="com.indieus.ius.vo.ShuttleVO"/>
		<typeAlias alias="classVO" type="com.indieus.ius.vo.ClassVO"/>
		<typeAlias alias="parentVO" type="com.indieus.ius.vo.ParentVO"/>
		<typeAlias alias="allergyInfoVO" type="com.indieus.ius.vo.AllergyInfoVO"/>
		<typeAlias alias="attendanceVO" type="com.indieus.ius.vo.AttendanceVO"/>
		<typeAlias alias="consultVO" type="com.indieus.ius.vo.ConsultVO"/>
		<typeAlias alias="receiptVO" type="com.indieus.ius.vo.ReceiptVO"/>
		<typeAlias alias="pagingVO" type="com.indieus.ius.utils.PagingVO"/>
		<typeAlias alias="equipmentSearchVO" type="com.indieus.ius.vo.EquipmentSearchVO"/>
		<typeAlias alias="eventVO" type="com.indieus.ius.vo.EventVO"/>
		<typeAlias alias="noticeVO" type="com.indieus.ius.vo.NoticeVO"/>
		<typeAlias alias="noticeReplyVO" type="com.indieus.ius.vo.NoticeReplyVO"/>
		<typeAlias alias="buyorderDocDraftVO" type="com.indieus.ius.vo.BuyorderDocDraftVO"/>
		<typeAlias alias="spendVO" type="com.indieus.ius.vo.SpendVO"/>
		<typeAlias alias="vacationVO" type="com.indieus.ius.vo.VacationVO"/>
	</typeAliases>
	
<typeHandlers>
	<typeHandler handler="com.indieus.ius.typehandler.MyLongTypeHandler" jdbcType="LONGVARCHAR" javaType="java.lang.String"/>
</typeHandlers>


</configuration>
