<?xml version="1.0" encoding="UTF-8"?>
<beans:beans xmlns:xsi="http://www.w3.org/2001/XMLSchema-instance"
	xmlns:beans="http://www.springframework.org/schema/beans"
	xmlns:context="http://www.springframework.org/schema/context"
	xmlns:mvc="http://www.springframework.org/schema/mvc"
	xsi:schemaLocation="http://www.springframework.org/schema/mvc https://www.springframework.org/schema/mvc/spring-mvc.xsd
		http://www.springframework.org/schema/beans https://www.springframework.org/schema/beans/spring-beans.xsd
		http://www.springframework.org/schema/context https://www.springframework.org/schema/context/spring-context.xsd">

		<!-- DispatcherServlet Context: defines this servlet's request-processing infrastructure -->
	
	<!-- Enables the Spring MVC @Controller programming model -->
	<mvc:annotation-driven/> <!-- handlerMapping, handlerAdapter -->
	<mvc:default-servlet-handler/>
	
	<mvc:view-resolvers>	 <!-- view-resolver -->
		<mvc:jsp prefix="/WEB-INF/views/"/>
	</mvc:view-resolvers>
	
	<mvc:view-controller path="/index" view-name="index"/> <!-- /main 이라는 경로로 들어오는 경우 index.jsp로 바로 연결 시켜줌. -->
	<mvc:view-controller path="/" view-name="index"/>
	
		<!-- JSP 라벨 추가 -->
	<beans:bean id="messageSource" class="org.springframework.context.support.ReloadableResourceBundleMessageSource">
		<beans:property name="basenames">
			<beans:list>
				<beans:value>classpath:message/label</beans:value>
				<!-- <value>message.second</value> -->
			</beans:list>
		</beans:property>
		<beans:property name="defaultEncoding" value="UTF-8"/>	
	</beans:bean>
	
	<!-- /resources/imgUpload -->
	<!-- Handles HTTP GET requests for /resources/** by efficiently serving up static resources in the ${webappRoot}/resources directory -->
	<mvc:resources mapping="/resources/**" location="/resources/" />
	<!-- 일반 파일 업로드 경로 -->
	<mvc:resources mapping="/imgUpload/**" location="/ius/src/main/webapp/resources/imgUpload/" />
	
	<!-- C:\Users\GREEN\Documents\study\ius\src\main\webapp\resources  -->
	
	<!-- C:\Study\Green220308\springWorkSpaceSTS\ius\src\main\webapp\resources -->
	
	<!-- Resolves views selected for rendering by @Controllers to .jsp resources in the /WEB-INF/views directory -->
 <!-- 	<beans:bean class="org.springframework.web.servlet.view.InternalResourceViewResolver">
		<beans:property name="prefix" value="/WEB-INF/views/" />
		<beans:property name="suffix" value=".jsp" />
	</beans:bean> -->
	
	<!-- C:\javastudy\apache-tomcat-8.5.81\wtpwebapps\ius\resources -->
	<!-- 업로드 패스 설정 --> 
	<beans:bean class="java.lang.String" id="uploadPath">
	 	<beans:constructor-arg value="C:\Users\GREEN\Documents\study\ius\src\main\webapp\resources" />
	</beans:bean>
	
	<!-- C:\Users\GREEN\Documents\study\ius\src\main\webapp\resources -->
	
	<!-- C:\Coding\workSpaces\springWorkSpace\ius\src\main\webapp\resources -->
	
	<beans:bean class="org.springframework.web.multipart.commons.CommonsMultipartResolver" id="multipartResolver">
	 	<beans:property name="maxUploadSize" value="10485760"/>
	</beans:bean>
	
	<context:component-scan base-package="com.indieus.ius" />
	
	<!-- Controller -->
	<beans:bean id="mainController" class="com.indieus.ius.controller.MainController"/>
	<beans:bean id="budgetController" class="com.indieus.ius.controller.BudgetController"/>
	<beans:bean id="financeController" class="com.indieus.ius.controller.FinanceController" />
	<beans:bean id="staffController" class="com.indieus.ius.controller.StaffController" />
	<beans:bean id="authorityController" class="com.indieus.ius.controller.AuthorityController" />
	<beans:bean id="staffAttendanceController" class="com.indieus.ius.controller.StaffAttendanceController" />
	<beans:bean id="equipmentController" class="com.indieus.ius.controller.EquipmentController" />
	<beans:bean id="eworksBoardController" class="com.indieus.ius.controller.EworksBoardController" />
	<beans:bean id="mealMenuController" class="com.indieus.ius.controller.MealMenuController" />
	<beans:bean id="kinderController" class="com.indieus.ius.controller.KinderController" />
	<beans:bean id="shuttleBusController" class="com.indieus.ius.controller.ShuttleBusController" />
	<beans:bean id="classController" class="com.indieus.ius.controller.ClassController" />
	<beans:bean id="parentController" class="com.indieus.ius.controller.ParentController" />
	<beans:bean id="attendanceController" class="com.indieus.ius.controller.AttendanceController" />
	<beans:bean id="consultController" class="com.indieus.ius.controller.ConsultController" />
	<beans:bean id="receiptController" class="com.indieus.ius.controller.ReceiptController" />
	<beans:bean id="eventController" class="com.indieus.ius.controller.EventController" />
	<beans:bean id="noticeController" class="com.indieus.ius.controller.NoticeController" />

	
	<!-- DAO -->
	<beans:bean id="mainDAO" class="com.indieus.ius.db.MainDAO" />
	<beans:bean id="budgetDAO" class="com.indieus.ius.db.BudgetDAO" />
	<beans:bean id="financeDAO" class="com.indieus.ius.db.FinanceDAO" />
	<beans:bean id="staffDAO" class="com.indieus.ius.db.StaffDAO" />
	<beans:bean id="authorityDAO" class="com.indieus.ius.db.AuthorityDAO" />
	<beans:bean id="staffIdDAO" class="com.indieus.ius.db.StaffIdDAO" />
	<beans:bean id="staffAttendanceDAO" class="com.indieus.ius.db.StaffAttendanceDAO" />
	<beans:bean id="equipmentDAO" class="com.indieus.ius.db.EquipmentDAO" />
	<beans:bean id="eworksListDAO" class="com.indieus.ius.db.EworksListDAO" />
	<beans:bean id="mealMenuDAO" class="com.indieus.ius.db.MealMenuDAO" />
	<beans:bean id="kinderDAO" class="com.indieus.ius.db.KinderDAO" />
	<beans:bean id="shuttleBusDAO" class="com.indieus.ius.db.ShuttleBusDAO" />
	<beans:bean id="classDAO" class="com.indieus.ius.db.ClassDAO" />
	<beans:bean id="parentDAO" class="com.indieus.ius.db.ParentDAO" />
	<beans:bean id="attendanceDAO" class="com.indieus.ius.db.AttendanceDAO" />
	<beans:bean id="consultDAO" class="com.indieus.ius.db.ConsultDAO" />
	<beans:bean id="receiptDAO" class="com.indieus.ius.db.ReceiptDAO" />
	<beans:bean id="eventDAO" class="com.indieus.ius.db.EventDAO" />
	<beans:bean id="noticeDAO" class="com.indieus.ius.db.NoticeDAO" />

	
	<!-- Service -->
	<beans:bean id="mainServiceImpl" class="com.indieus.ius.service.MainServiceImpl" />
	<beans:bean id="financeService" class="com.indieus.ius.service.FinanceServiceImpl" />
	<beans:bean id="staffService" class="com.indieus.ius.service.StaffServiceImpl" />
	<beans:bean id="budgetServiceImpl" class="com.indieus.ius.service.BudgetServiceImpl" />
	<beans:bean id="authorityServiceImpl" class="com.indieus.ius.service.AuthorityServiceImpl" />
	<beans:bean id="staffIdServiceImpl" class="com.indieus.ius.service.StaffIdServiceImpl" />
	<beans:bean id="staffAttendanceServiceImpl" class="com.indieus.ius.service.StaffAttendanceServiceImpl" />
	<beans:bean id="equipmentServiceImpl" class="com.indieus.ius.service.EquipmentServiceImpl" />
	<beans:bean id="adeptDocService" class="com.indieus.ius.service.AdeptDocServiceImpl" />
	<beans:bean id="mealMenuService" class="com.indieus.ius.service.MealMenuServiceImpl" />
	<beans:bean id="kinderServiceImpl" class="com.indieus.ius.service.KinderServiceImpl" />
	<beans:bean id="shuttleBusServiceImpl" class="com.indieus.ius.service.ShuttleBusServiceImpl" />
	
	<beans:bean id="classServiceImpl" class="com.indieus.ius.service.ClassServiceImpl" />
	<beans:bean id="parentServiceImpl" class="com.indieus.ius.service.ParentServiceImpl" />
	<beans:bean id="attendanceServiceImpl" class="com.indieus.ius.service.AttendanceServiceImpl" />
	<beans:bean id="consultServiceImpl" class="com.indieus.ius.service.ConsultServiceImpl" />
	<beans:bean id="receiptServiceImpl" class="com.indieus.ius.service.ReceiptServiceImpl" />
	<beans:bean id="eventServiceImpl" class="com.indieus.ius.service.EventServiceImpl" />
	<beans:bean id="noticeServiceImpl" class="com.indieus.ius.service.NoticeServiceImpl" />
	
</beans:beans>
